TDSFU Daily run: Mon Oct 27 13:34:36 UTC 2025 TDSFU
TDSFU Daily run: Tue Oct 28 04:46:14 UTC 2025 TDSFU
TDSFU Daily run: Wed Oct 29 04:50:05 UTC 2025 TDSFU
TDSFU Daily run: Thu Oct 30 04:45:14 UTC 2025 TDSFU
TDSFU Daily run: Fri Oct 31 04:58:10 UTC 2025 TDSFU
TDSFU Daily run: Sat Nov  1 04:41:16 UTC 2025 TDSFU
TDSFU Daily run: Sun Nov  2 04:44:26 UTC 2025 TDSFU
TDSFU Daily run: Mon Nov  3 04:51:41 UTC 2025 TDSFU
TDSFU Daily run: Tue Nov  4 04:45:32 UTC 2025 TDSFU
TDSFU Daily run: Wed Nov  5 04:46:27 UTC 2025 TDSFU
TDSFU Daily run: Thu Nov  6 04:50:16 UTC 2025 TDSFU
TDSFU Daily run: Fri Nov  7 04:45:27 UTC 2025 TDSFU
TDSFU Daily run: Sat Nov  8 04:43:13 UTC 2025 TDSFU
TDSFU Daily run: Sun Nov  9 04:43:46 UTC 2025 TDSFU
TDSFU Daily run: Mon Nov 10 04:49:47 UTC 2025 TDSFU
TDSFU Daily run: Tue Nov 11 04:47:29 UTC 2025 TDSFU
TDSFU Daily run: Wed Nov 12 04:48:03 UTC 2025 TDSFU
TDSFU Daily run: Thu Nov 13 04:48:29 UTC 2025 TDSFU
TDSFU Daily run: Fri Nov 14 04:46:20 UTC 2025 TDSFU
TDSFU Daily run: Sat Nov 15 04:44:01 UTC 2025 TDSFU
TDSFU Daily run: Sun Nov 16 04:47:00 UTC 2025 TDSFU
TDSFU Daily run: Mon Nov 17 04:49:21 UTC 2025 TDSFU
TDSFU Daily run: Tue Nov 18 04:47:26 UTC 2025 TDSFU
TDSFU Daily run: Wed Nov 19 04:47:56 UTC 2025 TDSFU
TDSFU Daily run: Thu Nov 20 04:44:59 UTC 2025 TDSFU
TDSFU Daily run: Fri Nov 21 04:47:20 UTC 2025 TDSFU
TDSFU Daily run: Sat Nov 22 04:43:35 UTC 2025 TDSFU
TDSFU Daily run: Sun Nov 23 04:56:41 UTC 2025 TDSFU
TDSFU Daily run: Mon Nov 24 04:57:58 UTC 2025 TDSFU
TDSFU Daily run: Tue Nov 25 04:49:47 UTC 2025 TDSFU
TDSFU Daily run: Wed Nov 26 04:49:09 UTC 2025 TDSFU
TDSFU Daily run: Thu Nov 27 04:48:18 UTC 2025 TDSFU
TDSFU Daily run: Fri Nov 28 04:37:41 UTC 2025 TDSFU
TDSFU Daily run: Sat Nov 29 04:36:13 UTC 2025 TDSFU
TDSFU Daily run: Sun Nov 30 04:46:56 UTC 2025 TDSFU
TDSFU Daily run: Mon Dec  1 04:58:00 UTC 2025 TDSFU
TDSFU Daily run: Tue Dec  2 04:43:57 UTC 2025 TDSFU
TDSFU Daily run: Wed Dec  3 04:42:15 UTC 2025 TDSFU
TDSFU Daily run: Thu Dec  4 04:43:32 UTC 2025 TDSFU
TDSFU Daily run: Fri Dec  5 04:43:03 UTC 2025 TDSFU
TDSFU Daily run: Sat Dec  6 04:34:50 UTC 2025 TDSFU
TDSFU Daily run: Sun Dec  7 04:44:56 UTC 2025 TDSFU
TDSFU Daily run: Mon Dec  8 04:46:14 UTC 2025 TDSFU
TDSFU Daily run: Tue Dec  9 04:42:18 UTC 2025 TDSFU
TDSFU Daily run: Wed Dec 10 04:45:53 UTC 2025 TDSFU
TDSFU Daily run: Thu Dec 11 04:48:16 UTC 2025 TDSFU
TDSFU Daily run: Fri Dec 12 04:46:44 UTC 2025 TDSFU
TDSFU Daily run: Sat Dec 13 04:40:22 UTC 2025 TDSFU
TDSFU Daily run: Sun Dec 14 04:47:56 UTC 2025 TDSFU
TDSFU Daily run: Mon Dec 15 04:52:22 UTC 2025 TDSFU
TDSFU Daily run: Tue Dec 16 04:48:10 UTC 2025 TDSFU
